order_ref,region,warehouse,units,unit_price
ORD-1000,north,LDN,40,12.5
ORD-1001,south,MAN,42,12.75
ORD-1002,east,LDN,45,13.0
ORD-1003,north,MAN,38,12.25
ORD-1004,south,LDN,41,12.6
ORD-1005,east,MAN,44,13.1
ORD-1006,north,LDN,39,12.4
ORD-1007,south,MAN,43,12.9
ORD-1008,east,LDN,46,13.2
ORD-1009,north,MAN,40,12.55
ORD-1010,south,LDN,42,12.85
ORD-1011,east,MAN,45,13.05
ORD-1012,north,LDN,41,12.35
ORD-1013,south,MAN,39,12.95
ORD-1014,east,LDN,44,13.15
ORD-1015,north,MAN,43,12.45
ORD-1016,south,LDN,38,12.65
ORD-1017,east,MAN,46,13.25
ORD-1018,north,LDN,40,12.3
ORD-1019,south,MAN,42,12.8
ORD-1020,east,LDN,44,13.3
ORD-1021,north,MAN,41,12.7
ORD-1022,south,LDN,45,12.2
ORD-1023,east,MAN,39,13.35
