order_ref,region,warehouse,units,unit_price,discount
ORD-2000,north,LDN,40,12.5,
ORD-2001,south,MAN,42,12.75,0.06
ORD-2002,east,LDN,45,13.0,0.07
ORD-2003,north,MAN,38,12.25,
ORD-2004,south,LDN,41,12.6,0.09
ORD-2005,east,MAN,44,13.1,0.05
ORD-2006,north,LDN,39,12.4,
ORD-2007,south,MAN,43,12.9,0.07
ORD-2008,east,LDN,46,13.2,0.08
ORD-2009,north,MAN,40,12.55,
ORD-2010,south,LDN,42,12.85,0.05
ORD-2011,east,MAN,45,13.05,0.06
ORD-2012,north,LDN,41,12.35,
ORD-2013,south,MAN,39,12.95,0.08
ORD-2014,east,LDN,44,13.15,0.09
ORD-2015,north,MAN,43,12.45,
ORD-2016,south,LDN,38,12.65,0.06
ORD-2017,north,MAN,99999,13.25,0.07
ORD-2018,north,LDN,40,12.3,
ORD-2019,south,MAN,42,12.8,0.09
ORD-2020,east,LDN,44,13.3,0.05
ORD-2021,north,MAN,41,12.7,
ORD-2022,west,LDN,45,12.2,0.07
ORD-2023,north,MAN,39,13.35,0.08
